INSERT INTO Departments (DepartmentID, DepartmentName)
VALUES
    (1, 'HR'),
    (2, 'Finance'),
    (3, 'IT'),
    (4, 'Marketing'),
    (5, 'Operations'),
    (6, 'Sales'),
    (7, 'Legal'),
    (8, 'Research and Development'),
    (9, 'Customer Support'),
    (10, 'Quality Assurance');

INSERT INTO Employees (EmployeeID, FirstName, LastName, DateOfBirth, Gender, Email, Phone, Address, HireDate, DepartmentID)
VALUES
	(1, 'John', 'Doe', '1990-01-15', 'Male', 'john.doe@example.com', '555-555-5555', '123 Main St, City, State', '2020-05-15', 1),
	(2, 'Jane', 'Smith', '1985-03-20', 'Female', 'jane.smith@example.com', '555-555-5556', '456 Elm St, City, State', '2019-07-10', 3),
	(3, 'Robert', 'Johnson', '1993-11-10', 'Male', 'robert.johnson@example.com', '555-555-5557', '789 Oak St, City, State', '2021-02-28', 8),
	(4, 'Emily', 'Brown', '1988-08-05', 'Female', 'emily.brown@example.com', '555-555-5558', '101 Pine St, City, State', '2018-03-14', 3),
    (5, 'Michael', 'Wilson', '1992-06-25', 'Male', 'michael.wilson@example.com', '555-555-5559', '202 Cedar St, City, State', '2022-04-20', 3),
    (6, 'Sarah', 'Davis', '1987-04-12', 'Female', 'sarah.davis@example.com', '555-555-5560', '303 Maple St, City, State', '2021-09-03', 2),
    (7, 'William', 'Miller', '1994-09-30', 'Male', 'william.miller@example.com', '555-555-5561', '404 Birch St, City, State', '2017-12-01', 4),
    (8, 'Olivia', 'Martinez', '1991-02-18', 'Female', 'olivia.martinez@example.com', '555-555-5562', '505 Redwood St, City, State', '2019-05-27', 4),
    (9, 'David', 'Anderson', '1995-07-22', 'Male', 'david.anderson@example.com', '555-555-5563', '606 Pine St, City, State', '2020-08-10', 5),
    (10, 'Sophia', 'Garcia', '1986-12-07', 'Female', 'sophia.garcia@example.com', '555-555-5564', '707 Oak St, City, State', '2022-01-05', 3),
	(11, 'Charles', 'Taylor', '1989-05-22', 'Male', 'charles.taylor@example.com', '555-555-5565', '808 Walnut St, City, State', '2019-11-12', 3),
	(12, 'Jessica', 'Moore', '1992-03-15', 'Female', 'jessica.moore@example.com', '555-555-5566', '909 Ash St, City, State', '2020-03-23', 3),
	(13, 'Matthew', 'Thomas', '1990-10-19', 'Male', 'matthew.thomas@example.com', '555-555-5567', '1010 Spruce St, City, State', '2016-06-17', 9),
	(14, 'Emma', 'Harris', '1987-09-08', 'Female', 'emma.harris@example.com', '555-555-5568', '1111 Poplar St, City, State', '2018-07-04', 7),
	(15, 'Daniel', 'Clark', '1993-07-12', 'Male', 'daniel.clark@example.com', '555-555-5569', '1212 Beech St, City, State', '2021-11-21', 8),
	(16, 'Ashley', 'Lewis', '1991-01-28', 'Female', 'ashley.lewis@example.com', '555-555-5570', '1313 Fir St, City, State', '2017-08-09', 6),
	(17, 'Christopher', 'Walker', '1985-12-17', 'Male', 'christopher.walker@example.com', '555-555-5571', '1414 Chestnut St, City, State', '2019-04-30', 2),
	(18, 'Ava', 'Robinson', '1988-04-30', 'Female', 'ava.robinson@example.com', '555-555-5572', '1515 Pine St, City, State', '2020-12-14', 5),
	(19, 'James', 'White', '1994-11-25', 'Male', 'james.white@example.com', '555-555-5573', '1616 Elm St, City, State', '2021-07-02', 10),
	(20, 'Isabella', 'Hall', '1995-09-03', 'Female', 'isabella.hall@example.com', '555-555-5574', '1717 Maple St, City, State', '2016-02-08', 5);

INSERT INTO JobPositions (JobPositionID, PositionTitle, JobDescription, PreliminarySalary)
VALUES
    (1, 'HR Manager', 'Responsible for managing HR department and staff.', 60000),
    (2, 'Financial Analyst', 'Analyze financial data and prepare reports.', 55000),
    (3, 'Software Engineer', 'Develop and maintain software applications.', 75000),
    (4, 'Operations Supervisor', 'Oversee day-to-day operations of the department.', 50000),
    (5, 'Sales Representative', 'Sell products and services to customers.', 45000),
    (6, 'Legal Counsel', 'Provide legal advice and support to the company.', 85000),
    (7, 'Software Developer', 'Design and implement software solutions.', 70000),
    (8, 'Customer Support Specialist', 'Assist customers with inquiries and issues.', 40000),
    (9, 'Quality Assurance Analyst', 'Test and ensure the quality of software products.', 50000),
    (10, 'HR Assistant', 'Support HR operations and administrative tasks.', 35000),
    (11, 'Senior Software Engineer', 'Lead software development projects.', 95000),
    (12, 'Content Marketing Manager', 'Develop and execute content marketing strategies.', 60000),
    (13, 'Senior Data Scientist', 'Lead data analysis and modeling projects.', 100000),
    (14, 'Customer Support Supervisor', 'Manage and mentor customer support team.', 55000),
    (15, 'Quality Assurance Lead', 'Lead quality control and testing efforts.', 70000),
    (16, 'Software Developer', 'Design and implement software solutions.', 72000),
    (17, 'Customer Support Specialist', 'Assist customers with inquiries and issues.', 40000),
    (18, 'Quality Assurance Analyst', 'Test and ensure the quality of software products.', 50000),
    (19, 'Product Manager', 'Oversee the development and launch of products.', 80000),
    (20, 'Data Analyst', 'Analyze and interpret complex data sets.', 60000);

INSERT INTO Salaries (SalaryID, EmployeeID, SalaryAmount, SalaryStartDate, SalaryEndDate)
VALUES
	(1, 1, 60000.00, '2020-05-15', '2023-01-01'),
	(2, 1, 62000.00, '2023-01-01', '2024-01-01'),
	(3, 2, 55000.00, '2019-07-10', '2023-02-01'),
	(4, 2, 57000.00, '2023-02-01', '2024-02-01'),
	(5, 3, 65000.00, '2021-02-28', '2023-03-01'),
	(6, 3, 65000.00, '2023-03-01', '2024-03-01'),
	(7, 4, 58000.00, '2018-03-14', '2021-04-01'),
	(8, 4, 59000.00, '2021-04-01', '2024-04-01'),
	(9, 5, 70000.00, '2022-04-20', '2023-05-01'),
	(10, 5, 70000.00, '2023-05-01', '2024-05-01'),
	(11, 6, 62000.00, '2021-09-03', '2023-06-01'),
	(12, 6, 63000.00, '2023-06-01', '2024-06-01'),
	(13, 7, 72000.00, '2017-12-01', '2023-07-01'),
	(14, 7, 72000.00, '2023-07-01', '2024-07-01'),
	(15, 8, 59000.00, '2019-05-27', '2023-08-01'),
	(16, 8, 59000.00, '2023-08-01', '2024-08-01'),
	(17, 9, 63000.00, '2020-08-10', '2023-09-01'),
	(18, 9, 65000.00, '2023-09-01', '2024-09-01'),
	(19, 10, 68000.00, '2022-01-05', '2023-10-01'),
	(20, 10, 68000.00, '2023-10-01', '2024-10-01'),
	(21, 11, 59000.00, '2019-11-12', '2021-11-01'),
	(22, 11, 61000.00, '2021-11-01', '2022-11-01'),
	(23, 11, 63000.00, '2022-11-01', '2023-11-01'),
	(24, 12, 62000.00, '2020-03-23', '2022-03-23'),
	(25, 12, 64000.00, '2022-03-23', '2023-03-23'),
	(26, 12, 66000.00, '2023-03-23', '2024-03-23'),
	(27, 13, 75000.00, '2016-06-17', '2022-06-17'),
	(28, 13, 77000.00, '2022-06-17', '2023-06-17'),
	(29, 13, 80000.00, '2023-06-17', '2024-06-17'),
	(30, 14, 58000.00, '2018-07-04', '2021-07-04'),
	(31, 14, 60000.00, '2021-07-04', '2022-07-04'),
	(32, 14, 62000.00, '2022-07-04', '2023-07-04'),
	(33, 15, 65000.00, '2021-11-21', '2023-11-21'),
	(34, 15, 67000.00, '2023-11-21', '2024-11-21'),
	(35, 16, 61000.00, '2017-08-09', '2022-08-09'),
	(36, 16, 63000.00, '2022-08-09', '2023-08-09'),
	(37, 16, 65000.00, '2023-08-09', '2024-08-09'),
	(38, 17, 64000.00, '2019-04-30', '2023-04-30'),
	(39, 17, 66000.00, '2023-04-30', '2024-04-30'),
	(40, 18, 68000.00, '2020-12-14', '2022-12-14'),
	(41, 18, 70000.00, '2022-12-14', '2023-12-14'),
	(42, 18, 72000.00, '2023-12-14', '2024-12-14'),
	(43, 19, 53000.00, '2021-07-02', '2023-07-02'),
	(44, 19, 55000.00, '2023-07-02', '2024-07-02'),
	(45, 20, 62000.00, '2016-02-08', '2018-02-08'),
	(46, 20, 64000.00, '2018-02-08', '2020-02-08'),
	(47, 20, 64000.00, '2020-02-08', '2024-02-08');

INSERT INTO Skills (SkillID, SkillName)
VALUES
    (1, 'Communication'),
    (2, 'Problem Solving'),
    (3, 'Teamwork'),
    (4, 'Leadership'),
    (5, 'Time Management'),
    (6, 'Customer Service'),
    (7, 'Data Analysis'),
    (8, 'Programming'),
    (9, 'Project Management'),
    (10, 'Coaching');

INSERT INTO EmployeeSkills (EmployeeID, SkillID)
    VALUES (1, 1), (1, 4), (2, 2), (2, 3), (2, 9), (3, 8), (3, 7), (4, 6), (4, 5),
    (5, 4), (5, 9), (6, 1), (6, 6), (7, 3), (7, 4), (7, 5), (8, 7), (8, 2), (8, 3),
    (9, 1), (9, 6), (10, 2), (10, 4), (10, 10), (11, 8), (11, 5), (12, 1), (12, 3),
    (12, 6), (13, 4), (13, 9), (14, 5), (14, 1), (15, 7), (15, 2), (16, 6), (16, 1),
    (16, 10), (17, 8), (17, 4), (18, 2), (18, 3), (19, 5), (19, 4), (19, 9), (20, 1),
    (20, 6);

INSERT INTO LeaveRequests (LeaveRequestID, EmployeeID, LeaveStartDate, LeaveEndDate, LeaveType, Status)
VALUES
    (1, 1, '2023-01-10', '2023-01-15', 'Vacation', 'Pending'),
    (2, 2, '2023-02-05', '2023-02-09', 'Sick Leave', 'Approved'),
    (3, 3, '2023-03-20', '2023-03-24', 'Vacation', 'Pending'),
    (4, 4, '2023-04-15', '2023-04-18', 'Sick Leave', 'Approved'),
    (5, 5, '2023-05-03', '2023-05-07', 'Vacation', 'Approved'),
    (6, 6, '2023-06-10', '2023-06-12', 'Sick Leave', 'Pending'),
    (7, 7, '2023-07-08', '2023-07-12', 'Vacation', 'Approved'),
    (8, 8, '2023-08-22', '2023-08-26', 'Sick Leave', 'Pending'),
    (9, 9, '2023-09-05', '2023-09-09', 'Vacation', 'Approved'),
    (10, 10, '2023-10-12', '2023-10-15', 'Sick Leave', 'Pending'),
    (11, 11, '2023-11-01', '2023-11-05', 'Vacation', 'Pending'),
    (12, 12, '2023-12-01', '2023-12-05', 'Vacation', 'Approved'),
    (13, 13, '2023-09-20', '2023-09-25', 'Sick Leave', 'Approved'),
    (14, 14, '2023-06-05', '2023-06-10', 'Vacation', 'Pending'),
    (15, 15, '2023-03-10', '2023-03-15', 'Sick Leave', 'Approved'),
    (16, 16, '2023-08-15', '2023-08-18', 'Vacation', 'Pending'),
    (17, 17, '2023-05-10', '2023-05-15', 'Vacation', 'Approved'),
    (18, 18, '2023-04-05', '2023-04-10', 'Sick Leave', 'Pending'),
    (19, 19, '2023-02-25', '2023-03-01', 'Vacation', 'Approved'),
    (20, 20, '2023-09-15', '2023-09-20', 'Vacation', 'Pending'),
    (21, 1, '2023-03-01', '2023-03-05', 'Sick Leave', 'Approved'),
    (22, 2, '2023-07-15', '2023-07-20', 'Vacation', 'Pending'),
    (23, 3, '2023-05-15', '2023-05-18', 'Sick Leave', 'Approved'),
    (24, 4, '2023-09-10', '2023-09-14', 'Vacation', 'Approved'),
    (25, 5, '2023-10-01', '2023-10-05', 'Sick Leave', 'Pending'),
    (26, 7, '2023-12-15', '2023-12-20', 'Vacation', 'Pending'),
    (27, 8, '2023-10-10', '2023-10-14', 'Sick Leave', 'Approved');

INSERT INTO PerformanceReviews (ReviewID, EmployeeID, ReviewDate, ReviewerID, ReviewText, Rating)
VALUES
    (1, 1, '2023-01-20', 2, 'Exemplary performance this year.', 5),
    (2, 2, '2023-02-15', 3, 'Consistently meets and exceeds expectations.', 4),
    (3, 3, '2023-03-10', 4, 'A strong leader within the team.', 5),
    (4, 4, '2023-04-05', 5, 'Exceptional customer service skills.', 4),
    (5, 5, '2023-05-01', 6, 'Successfully managed critical projects.', 4),
    (6, 6, '2023-06-20', 7, 'Strong time management skills.', 3),
    (7, 7, '2023-07-15', 8, 'Excellent teamwork and collaboration.', 5),
    (8, 8, '2023-08-10', 9, 'Outstanding programming skills.', 4),
    (9, 9, '2023-09-05', 10, 'Effective problem solver.', 4),
    (10, 10, '2023-10-01', 1, 'Exceptional leadership skills.', 5),
    (11, 1, '2023-02-20', 2, 'Good teamwork and communication skills.', 4),
    (12, 2, '2023-03-15', 3, 'Strong problem-solving abilities.', 5),
    (13, 3, '2023-04-10', 4, 'Exceptional leadership skills.', 5),
    (14, 4, '2023-05-05', 5, 'Diligent and reliable.', 4),
    (15, 5, '2023-06-01', 6, 'Outstanding problem-solving skills.', 5),
    (16, 6, '2023-07-20', 7, 'Great attention to detail.', 4),
    (17, 7, '2023-08-15', 8, 'Consistently meets targets.', 4),
    (18, 8, '2023-09-10', 9, 'Exemplary customer service skills.', 5),
    (19, 9, '2023-10-05', 10, 'Excellent communication abilities.', 5),
    (20, 10, '2023-11-01', 1, 'Strong team player.', 4),
    (21, 11, '2023-01-05', 4, 'Strong programming skills and attention to detail.', 4),
    (22, 12, '2023-02-18', 5, 'Great teamwork and problem-solving abilities.', 5),
    (23, 13, '2023-03-25', 6, 'Exemplary leadership and project management skills.', 5),
    (24, 14, '2023-04-10', 7, 'Great communication and interpersonal skills.', 4),
    (25, 15, '2023-05-15', 8, 'Strong analytical and problem-solving abilities.', 5),
    (26, 16, '2023-06-05', 9, 'Excellent time management and customer service.', 4),
    (27, 17, '2023-07-12', 10, 'Great technical skills and leadership.', 4),
    (28, 18, '2023-08-10', 1, 'Effective communicator and team player.', 5),
    (29, 19, '2023-09-10', 2, 'Excellent leadership skills and problem-solving abilities.', 5),
    (30, 20, '2023-10-20', 3, 'Consistently exceeds expectations and delivers great results.', 5);

INSERT INTO Benefits (BenefitID, BenefitName, Description, Cost)
VALUES
    (1, 'Health Insurance', 'Comprehensive health insurance coverage', 500.00),
    (2, '401(k) Matching', 'Company matches employee contributions', 300.00),
    (3, 'Paid Time Off (PTO)', 'Accrued paid time off for vacations and sick days', 200.00),
    (4, 'Dental Insurance', 'Coverage for dental care expenses', 100.00),
    (5, 'Flexible Spending Account (FSA)', 'Pre-tax account for medical and childcare expenses', 150.00),
    (6, 'Life Insurance', 'Life insurance coverage for employees', 50.00),
    (7, 'Employee Assistance Program (EAP)', 'Support services for employee well-being', 75.00),
    (8, 'Tuition Reimbursement', 'Financial support for continuing education', 250.00),
    (9, 'Gym Membership', 'Discounted gym membership for employees', 20.00),
    (10, 'Transportation Subsidy', 'Subsidy for public transportation or parking', 50.00);

INSERT INTO EmployeeBenefits (EmployeeBenefitID, EmployeeID, BenefitID, EnrollmentDate)
VALUES
    (1, 1, 2, '2020-06-01'),
    (2, 1, 3, '2021-01-01'),
    (3, 2, 1, '2019-08-01'),
    (4, 2, 4, '2020-01-01'),
    (5, 2, 7, '2020-06-01'),
    (6, 3, 2, '2021-03-01'),
    (7, 3, 6, '2021-04-01'),
    (8, 4, 1, '2018-04-01'),
    (9, 4, 5, '2019-01-01'),
    (10, 5, 1, '2022-05-01'),
    (11, 5, 9, '2022-06-01'),
    (12, 6, 3, '2021-09-15'),
    (13, 6, 8, '2022-01-01'),
    (14, 7, 2, '2018-01-01'),
    (15, 7, 4, '2019-01-01'),
    (16, 8, 1, '2019-06-01'),
    (17, 8, 3, '2020-01-01'),
    (18, 8, 10, '2020-05-01'),
    (19, 9, 1, '2020-09-01'),
    (20, 9, 6, '2021-01-01'),
    (21, 10, 1, '2022-02-01'),
    (22, 10, 5, '2022-06-01'),
    (23, 11, 2, '2020-01-01'),
    (24, 11, 7, '2020-05-01'),
    (25, 12, 1, '2020-04-01'),
    (26, 12, 3, '2020-06-01'),
    (27, 13, 1, '2016-07-01'),
    (28, 13, 5, '2017-01-01'),
    (29, 13, 8, '2018-01-01'),
    (30, 14, 1, '2018-08-01'),
    (31, 14, 4, '2019-01-01'),
    (32, 15, 6, '2021-12-01'),
    (33, 15, 10, '2022-02-01'),
    (34, 16, 2, '2017-09-01'),
    (35, 16, 9, '2018-01-01'),
    (36, 17, 3, '2019-06-01'),
    (37, 17, 5, '2020-01-01'),
    (38, 18, 1, '2021-01-01'),
    (39, 18, 6, '2021-03-01'),
    (40, 19, 4, '2021-08-01'),
    (41, 19, 7, '2022-01-01'),
    (42, 20, 1, '2016-03-01'),
    (43, 20, 2, '2017-01-01');
